{
  "aromatic_backbones_raise_tg": 0.029498556519742206,
  "multi_aromatic_rigidity": 0.029498556519742206,
  "imide_anhydride_networks_raise_tg": 0.016301416994604606,
  "cyanate_ester_triazine": 0.017512898723170644,
  "maleimide_rigid_network": 0.01645984998222157,
  "nitrile_rich_rigidity": 0.017512898723170644,
  "sulfone_diamine_rigidity": 0.005164132498845375,
  "high_functionality_crosslink_density": 0.029498556519742206,
  "flexible_ether_penalty": 0.07286694604979396,
  "peg_like_penalty": 0.006699316603523656,
  "long_aliphatic_penalty": 0.016750770403672077,
  "peptide_like_out_of_domain": 0.029498556519742206,
  "too_flexible_penalty": 0.005519479969529347,
  "heavy_halogen_practical_risk": 0.029498556519742206,
  "stereochemical_complexity_penalty": 0.015896949583369305,
  "druglike_hetero_complexity_penalty": 0.06985307806759458,
  "formal_charge_practical_penalty": 0.029498556519742206,
  "reaction_839cd29ef5d7": 0.07407165937712616,
  "reaction_5cde50869441": 0.005691336425514297,
  "reaction_8122f963caab": 0.007878293220681867,
  "reaction_b793ac896a4f": 0.06939773905403562,
  "reaction_cc7f1a60f1af": 0.003697379941183241,
  "reaction_2f387d801461": 0.006492515739178852,
  "reaction_7deb10577c5e": 0.06813649276199284,
  "reaction_e3ab71c1126b": 0.007878293220681867,
  "reaction_1d41d1c7896e": 0.029498556519742206,
  "reaction_aaba7fbe7783": 0.007878293220681867,
  "reaction_bc75cf8f07d2": 0.029498556519742206,
  "reaction_a5dd26ae10ad": 0.07174704840279633,
  "reaction_a67f85420c33": 0.007878293220681867,
  "reaction_1ef23bb55506": 0.007878293220681867,
  "reaction_michael_thiol_ene": 0.029498556519742206,
  "reaction_bd312644298f": 0.029498556519742206,
  "reaction_461e81fa276b": 0.029498556519742206,
  "reaction_ee82a65db02c": 0.007878293220681867,
  "reaction_2ee4496097cb": 0.006770107368294564,
  "reaction_536dfe22d324": 0.017180670482709947,
  "reaction_michael": 0.028849100865777254,
  "reaction_aab22a9380a2": 0.015674330940639664
}