{
  "MAPEK training dataset (%)": 10.257865559581662,
  "MAPEK test dataset (%)": 11.05121893789222,
  "MAE training dataset (C)": 41.26070123722679,
  "MAE test dataset (C)": 47.19222216308117,
  "RMSE training dataset (C)": 54.6734684146701,
  "RMSE test dataset (C)": 63.44705113739733,
  "PCP training dataset (%)": 24.736842105263158,
  "PCP test dataset (%)": 26.47058823529412,
  "R2 training": 0.54557702970836,
  "R2 test": 0.5650953238560916,
  "ML method": "SmallMoleculeGraphMPNN",
  "model_family": "gnn",
  "architecture": "mpnn",
  "hidden": 64,
  "epochs": 5,
  "batch_size": 32,
  "test_size": 0.15,
  "seed": 42,
  "n_graphs": 448,
  "n_train": 380,
  "n_test": 68,
  "final_train_loss": 3193.8504028320312
}