{
  "MAPEK training dataset (%)": 10.731949454260043,
  "MAPEK test dataset (%)": 11.612545035282947,
  "MAE training dataset (C)": 41.857561721299824,
  "MAE test dataset (C)": 47.90016462084125,
  "RMSE training dataset (C)": 53.71811986600411,
  "RMSE test dataset (C)": 61.44154480756102,
  "PCP training dataset (%)": 23.157894736842106,
  "PCP test dataset (%)": 20.588235294117645,
  "R2 training": 0.5613191944398142,
  "R2 test": 0.5921547145681341,
  "ML method": "SmallMoleculeGraphMPNN",
  "model_family": "gnn",
  "architecture": "mpnn",
  "global_features": true,
  "global_feature_dim": 31,
  "hidden": 64,
  "epochs": 5,
  "batch_size": 32,
  "test_size": 0.15,
  "seed": 42,
  "n_graphs": 448,
  "n_train": 380,
  "n_test": 68,
  "final_train_loss": 3166.835235595703
}