{
  "MAPEK training dataset (%)": 10.25786565634303,
  "MAPEK test dataset (%)": 11.051218783853365,
  "MAE training dataset (C)": 41.26070160865784,
  "MAE test dataset (C)": 47.19222120940685,
  "RMSE training dataset (C)": 54.67346902151905,
  "RMSE test dataset (C)": 63.44704833840242,
  "PCP training dataset (%)": 24.736842105263158,
  "PCP test dataset (%)": 26.47058823529412,
  "R2 training": 0.5455770196206111,
  "R2 test": 0.5650953622281176,
  "ML method": "SmallMoleculeGraphMPNN",
  "model_family": "gnn",
  "architecture": "mpnn",
  "global_features": false,
  "global_feature_dim": 0,
  "hidden": 64,
  "epochs": 5,
  "batch_size": 32,
  "test_size": 0.15,
  "seed": 42,
  "n_graphs": 448,
  "n_train": 380,
  "n_test": 68,
  "final_train_loss": 3193.8504231770835
}