{
  "ML method": "VAE (128) + ExtraTrees_600",
  "latent_size": 128,
  "model_family": "model_zoo",
  "predictor_kind": "joblib",
  "model_path": "artifacts/reproduce/predictors/latent_128/zoo_extratrees_600_latent_128.joblib",
  "PCP training dataset (%)": 100.0,
  "PCP test dataset (%)": 54.41176470588235,
  "MAPE training dataset (%)": 3.5037650681521446e-06,
  "MAPE test dataset (%)": 98.53454471591698,
  "MAPEK training dataset (%)": 9.457556102163987e-07,
  "MAPEK test dataset (%)": 5.002822275312773,
  "MAE training dataset (C)": 4.063518525266933e-06,
  "MAE test dataset (C)": 22.778241753327265,
  "RMSE training dataset (C)": 6.142868983933008e-06,
  "RMSE test dataset (C)": 44.7476068386771,
  "R2 training": 0.9999999999999942,
  "R2 test": 0.7836729536590056,
  "selection_metric": "MAPEK test dataset (%)",
  "selection_higher_is_better": false
}