{
  "aromatic_backbones_raise_tg": 0.03543808001846017,
  "multi_aromatic_rigidity": 0.03543808001846017,
  "imide_anhydride_networks_raise_tg": 0.03725464868489205,
  "cyanate_ester_triazine": 0.03543808001846017,
  "maleimide_rigid_network": 0.03725820681108941,
  "nitrile_rich_rigidity": 0.03543808001846017,
  "sulfone_diamine_rigidity": 0.017838563451890613,
  "high_functionality_crosslink_density": 0.03543808001846017,
  "flexible_ether_penalty": 0.03543808001846017,
  "peg_like_penalty": 0.020674251952626097,
  "long_aliphatic_penalty": 0.03543808001846017,
  "peptide_like_out_of_domain": 0.03543808001846017,
  "too_flexible_penalty": 0.020674251952626097,
  "heavy_halogen_practical_risk": 0.03726091785913266,
  "stereochemical_complexity_penalty": 0.0016508660069690278,
  "druglike_hetero_complexity_penalty": 0.020674251952626097,
  "formal_charge_practical_penalty": 0.03543808001846017,
  "reaction_839cd29ef5d7": 0.0016509438556084899,
  "reaction_5cde50869441": 0.01783927508677065,
  "reaction_8122f963caab": 0.01783927508677065,
  "reaction_b793ac896a4f": 0.01783927508677065,
  "reaction_cc7f1a60f1af": 0.01783927508677065,
  "reaction_2f387d801461": 0.01783927508677065,
  "reaction_7deb10577c5e": 0.01783927508677065,
  "reaction_e3ab71c1126b": 0.01783927508677065,
  "reaction_1d41d1c7896e": 0.03543808001846017,
  "reaction_aaba7fbe7783": 0.01783927508677065,
  "reaction_bc75cf8f07d2": 0.03543808001846017,
  "reaction_a5dd26ae10ad": 0.002510732745025022,
  "reaction_a67f85420c33": 0.01783927508677065,
  "reaction_1ef23bb55506": 0.01783927508677065,
  "reaction_michael_thiol_ene": 0.03543808001846017,
  "reaction_bd312644298f": 0.03543808001846017,
  "reaction_461e81fa276b": 0.03543808001846017,
  "reaction_ee82a65db02c": 0.01783282438895813,
  "reaction_2ee4496097cb": 0.01783927508677065,
  "reaction_536dfe22d324": 0.01783927508677065,
  "reaction_michael": 0.03725755951943306,
  "reaction_aab22a9380a2": 0.03725755951943306
}