{
  "aromatic_backbones_raise_tg": 0.014696599693417722,
  "multi_aromatic_rigidity": 0.014696599693417722,
  "imide_anhydride_networks_raise_tg": 0.014490501053742777,
  "cyanate_ester_triazine": 0.025339639099364583,
  "maleimide_rigid_network": 0.014490501053742777,
  "nitrile_rich_rigidity": 0.025339639099364583,
  "sulfone_diamine_rigidity": 0.014490501053742777,
  "high_functionality_crosslink_density": 0.014696599693417722,
  "flexible_ether_penalty": 0.0023226165061861538,
  "peg_like_penalty": 0.014696599693417722,
  "long_aliphatic_penalty": 0.47485141543310927,
  "peptide_like_out_of_domain": 0.014696599693417722,
  "too_flexible_penalty": 0.025927712441513068,
  "heavy_halogen_practical_risk": 0.014696599693417722,
  "stereochemical_complexity_penalty": 0.02872434218952689,
  "druglike_hetero_complexity_penalty": 0.02889181886125736,
  "formal_charge_practical_penalty": 0.014696599693417722,
  "reaction_839cd29ef5d7": 0.020333706686164937,
  "reaction_5cde50869441": 0.004123041814916989,
  "reaction_8122f963caab": 0.004123041814916989,
  "reaction_b793ac896a4f": 0.004123041814916989,
  "reaction_cc7f1a60f1af": 0.004123041814916989,
  "reaction_2f387d801461": 0.004123041814916989,
  "reaction_7deb10577c5e": 0.004123041814916989,
  "reaction_e3ab71c1126b": 0.004123041814916989,
  "reaction_1d41d1c7896e": 0.014696599693417722,
  "reaction_aaba7fbe7783": 0.004123041814916989,
  "reaction_bc75cf8f07d2": 0.014696599693417722,
  "reaction_a5dd26ae10ad": 0.04463996233911901,
  "reaction_a67f85420c33": 0.004123041814916989,
  "reaction_1ef23bb55506": 0.004123041814916989,
  "reaction_michael_thiol_ene": 0.014696599693417722,
  "reaction_bd312644298f": 0.014696599693417722,
  "reaction_461e81fa276b": 0.014696599693417722,
  "reaction_ee82a65db02c": 0.004123041814916989,
  "reaction_2ee4496097cb": 0.004123041814916989,
  "reaction_536dfe22d324": 0.025340651466650065,
  "reaction_michael": 0.014490647308249654,
  "reaction_aab22a9380a2": 0.014490647308249654
}