{
  "aromatic_backbones_raise_tg": 0.014645196048127427,
  "multi_aromatic_rigidity": 0.014645196048127427,
  "imide_anhydride_networks_raise_tg": 0.014434136052168258,
  "cyanate_ester_triazine": 0.024822471889127604,
  "maleimide_rigid_network": 0.014434136052168258,
  "nitrile_rich_rigidity": 0.024822471889127604,
  "sulfone_diamine_rigidity": 0.014434136052168258,
  "high_functionality_crosslink_density": 0.014645196048127427,
  "flexible_ether_penalty": 0.0028184275731785564,
  "peg_like_penalty": 0.014645196048127427,
  "long_aliphatic_penalty": 0.49268014913997243,
  "peptide_like_out_of_domain": 0.014645196048127427,
  "too_flexible_penalty": 0.023315689245575456,
  "heavy_halogen_practical_risk": 0.014645196048127427,
  "stereochemical_complexity_penalty": 0.026209222667356636,
  "druglike_hetero_complexity_penalty": 0.02690495418106685,
  "formal_charge_practical_penalty": 0.014645196048127427,
  "reaction_839cd29ef5d7": 0.02504224432788161,
  "reaction_5cde50869441": 0.004104498850340535,
  "reaction_8122f963caab": 0.004104498850340535,
  "reaction_b793ac896a4f": 0.004104498850340535,
  "reaction_cc7f1a60f1af": 0.004104498850340535,
  "reaction_2f387d801461": 0.004104498850340535,
  "reaction_7deb10577c5e": 0.004104498850340535,
  "reaction_e3ab71c1126b": 0.004104498850340535,
  "reaction_1d41d1c7896e": 0.014645196048127427,
  "reaction_aaba7fbe7783": 0.004104498850340535,
  "reaction_bc75cf8f07d2": 0.014645196048127427,
  "reaction_a5dd26ae10ad": 0.031395091173890416,
  "reaction_a67f85420c33": 0.004104498850340535,
  "reaction_1ef23bb55506": 0.004104498850340535,
  "reaction_michael_thiol_ene": 0.014645196048127427,
  "reaction_bd312644298f": 0.014645196048127427,
  "reaction_461e81fa276b": 0.014645196048127427,
  "reaction_ee82a65db02c": 0.004104498850340535,
  "reaction_2ee4496097cb": 0.004104498850340535,
  "reaction_536dfe22d324": 0.024821924303333468,
  "reaction_michael": 0.014434303335684497,
  "reaction_aab22a9380a2": 0.014434303335684497
}