epoch,loss,reconstruction,kl,validity,cosine
1.0,0.759572871029377,0.6595667600631714,6.0851380112580955e-06,0.0,0.11906339041888714
