epoch,loss,reconstruction,kl,validity,cosine
1.0,0.7720159217715263,0.6719561293721199,5.976270313112764e-05,0.0,0.1177071537822485
