epoch,loss,reconstruction,kl,validity,cosine
1.0,0.7798987049609423,0.6795819140970707,0.0003167680670230766,0.0,0.117371107917279
