epoch,loss,reconstruction,kl,validity,cosine
1.0,0.7628371715545654,0.6627653334289789,7.181169871728343e-05,0.0,0.11894985218532383
