{
  "aromatic_backbones_raise_tg": 0.036350010812102186,
  "multi_aromatic_rigidity": 0.036350010812102186,
  "imide_anhydride_networks_raise_tg": 0.005639900840544439,
  "cyanate_ester_triazine": 0.036350010812102186,
  "maleimide_rigid_network": 0.0046034765610639735,
  "nitrile_rich_rigidity": 0.036350010812102186,
  "sulfone_diamine_rigidity": 0.0059017835861211445,
  "high_functionality_crosslink_density": 0.036350010812102186,
  "flexible_ether_penalty": 0.011220819299062792,
  "peg_like_penalty": 0.004437454034300001,
  "long_aliphatic_penalty": 0.004484904231164339,
  "peptide_like_out_of_domain": 0.036350010812102186,
  "too_flexible_penalty": 0.006382115246304908,
  "heavy_halogen_practical_risk": 0.03619979860679322,
  "stereochemical_complexity_penalty": 0.002735813703860918,
  "druglike_hetero_complexity_penalty": 0.013220177096129913,
  "formal_charge_practical_penalty": 0.036350010812102186,
  "reaction_839cd29ef5d7": 0.03564899507312424,
  "reaction_5cde50869441": 0.01808283172370956,
  "reaction_8122f963caab": 0.0074391837708780665,
  "reaction_b793ac896a4f": 0.01808283172370956,
  "reaction_cc7f1a60f1af": 0.18069898894312236,
  "reaction_2f387d801461": 0.009393972402352624,
  "reaction_7deb10577c5e": 0.009521612333265043,
  "reaction_e3ab71c1126b": 0.0035341607460099332,
  "reaction_1d41d1c7896e": 0.036350010812102186,
  "reaction_aaba7fbe7783": 0.01808283172370956,
  "reaction_bc75cf8f07d2": 0.036350010812102186,
  "reaction_a5dd26ae10ad": 0.005676667805471383,
  "reaction_a67f85420c33": 0.01808283172370956,
  "reaction_1ef23bb55506": 0.01808283172370956,
  "reaction_michael_thiol_ene": 0.036350010812102186,
  "reaction_bd312644298f": 0.036350010812102186,
  "reaction_461e81fa276b": 0.036350010812102186,
  "reaction_ee82a65db02c": 0.018082643322506222,
  "reaction_2ee4496097cb": 0.01808283172370956,
  "reaction_536dfe22d324": 0.01808283172370956,
  "reaction_michael": 0.03619817373544417,
  "reaction_aab22a9380a2": 0.03619940685128723
}