{
  "aromatic_backbones_raise_tg": 0.04047652182247635,
  "multi_aromatic_rigidity": 0.04047652182247635,
  "imide_anhydride_networks_raise_tg": 0.007938979466542508,
  "cyanate_ester_triazine": 0.0019060785773014734,
  "maleimide_rigid_network": 0.10468356733896238,
  "nitrile_rich_rigidity": 0.0019060785773014734,
  "sulfone_diamine_rigidity": 0.0035456650715523655,
  "high_functionality_crosslink_density": 0.04047652182247635,
  "flexible_ether_penalty": 0.01339252786571849,
  "peg_like_penalty": 0.010036011181504696,
  "long_aliphatic_penalty": 0.010547440800666615,
  "peptide_like_out_of_domain": 0.04047652182247635,
  "too_flexible_penalty": 0.014092507765465154,
  "heavy_halogen_practical_risk": 0.04047652182247635,
  "stereochemical_complexity_penalty": 0.012746992793199956,
  "druglike_hetero_complexity_penalty": 0.0013117637408440628,
  "formal_charge_practical_penalty": 0.04047652182247635,
  "reaction_839cd29ef5d7": 0.004898593500092462,
  "reaction_5cde50869441": 0.00952475533564722,
  "reaction_8122f963caab": 0.03740793171780992,
  "reaction_b793ac896a4f": 0.03740793171780992,
  "reaction_cc7f1a60f1af": 0.008609978081460455,
  "reaction_2f387d801461": 0.011060705142100615,
  "reaction_7deb10577c5e": 0.06552267352016364,
  "reaction_e3ab71c1126b": 0.03740793171780992,
  "reaction_1d41d1c7896e": 0.04047652182247635,
  "reaction_aaba7fbe7783": 0.03740793171780992,
  "reaction_bc75cf8f07d2": 0.04047652182247635,
  "reaction_a5dd26ae10ad": 0.0012295653234706881,
  "reaction_a67f85420c33": 0.03740793171780992,
  "reaction_1ef23bb55506": 0.03740793171780992,
  "reaction_michael_thiol_ene": 0.04047652182247635,
  "reaction_bd312644298f": 0.04047652182247635,
  "reaction_461e81fa276b": 0.04047652182247635,
  "reaction_ee82a65db02c": 0.03740793171780992,
  "reaction_2ee4496097cb": 0.0013974341729810732,
  "reaction_536dfe22d324": 0.0011931943279486264,
  "reaction_michael": 0.0036791126725833644,
  "reaction_aab22a9380a2": 0.0036791126725833644
}