{
  "MAPEK training dataset (%)": 26.611777768369755,
  "MAPEK test dataset (%)": 27.665801399422683,
  "MAE training dataset (C)": 114.60118769156306,
  "MAE test dataset (C)": 124.89558995033012,
  "RMSE training dataset (C)": 139.64856332954383,
  "RMSE test dataset (C)": 157.08569734355345,
  "PCP training dataset (%)": 0.0,
  "PCP test dataset (%)": 0.0,
  "R2 training": -1.9646946433130412,
  "R2 test": -1.6659038508221649,
  "ML method": "SmallMoleculeGraphGAT",
  "model_family": "gnn",
  "architecture": "gat",
  "hidden": 64,
  "epochs": 5,
  "batch_size": 32,
  "test_size": 0.15,
  "seed": 42,
  "n_graphs": 448,
  "n_train": 380,
  "n_test": 68,
  "final_train_loss": 19967.786539713543
}