{
  "aromatic_backbones_raise_tg": 0.007076232212527907,
  "multi_aromatic_rigidity": 0.007076232212527907,
  "imide_anhydride_networks_raise_tg": 0.006956686514479127,
  "cyanate_ester_triazine": 0.012447039871200834,
  "maleimide_rigid_network": 0.006956686514479127,
  "nitrile_rich_rigidity": 0.012447039871200834,
  "sulfone_diamine_rigidity": 0.006956686514479127,
  "high_functionality_crosslink_density": 0.007076232212527907,
  "flexible_ether_penalty": 0.0006613498468194155,
  "peg_like_penalty": 0.007076232212527907,
  "long_aliphatic_penalty": 0.7454349182830999,
  "peptide_like_out_of_domain": 0.007076232212527907,
  "too_flexible_penalty": 0.01269076999980305,
  "heavy_halogen_practical_risk": 0.007076232212527907,
  "stereochemical_complexity_penalty": 0.012725329976483504,
  "druglike_hetero_complexity_penalty": 0.014119936459408627,
  "formal_charge_practical_penalty": 0.007076232212527907,
  "reaction_839cd29ef5d7": 0.011759745206502917,
  "reaction_5cde50869441": 0.0019896576083474897,
  "reaction_8122f963caab": 0.0019896576083474897,
  "reaction_b793ac896a4f": 0.0019896576083474897,
  "reaction_cc7f1a60f1af": 0.0019896576083474897,
  "reaction_2f387d801461": 0.0019896576083474897,
  "reaction_7deb10577c5e": 0.0019896576083474897,
  "reaction_e3ab71c1126b": 0.0019896576083474897,
  "reaction_1d41d1c7896e": 0.007076232212527907,
  "reaction_aaba7fbe7783": 0.0019896576083474897,
  "reaction_bc75cf8f07d2": 0.007076232212527907,
  "reaction_a5dd26ae10ad": 0.02169233507368212,
  "reaction_a67f85420c33": 0.0019896576083474897,
  "reaction_1ef23bb55506": 0.0019896576083474897,
  "reaction_michael_thiol_ene": 0.007076232212527907,
  "reaction_bd312644298f": 0.007076232212527907,
  "reaction_461e81fa276b": 0.007076232212527907,
  "reaction_ee82a65db02c": 0.0019896576083474897,
  "reaction_2ee4496097cb": 0.0019896576083474897,
  "reaction_536dfe22d324": 0.012447259177920203,
  "reaction_michael": 0.006956769419968231,
  "reaction_aab22a9380a2": 0.006956769419968231
}