{
  "aromatic_backbones_raise_tg": 0.01309230580639233,
  "multi_aromatic_rigidity": 0.01309230580639233,
  "imide_anhydride_networks_raise_tg": 0.026310193923725925,
  "cyanate_ester_triazine": 0.07294798872357337,
  "maleimide_rigid_network": 0.013048814031069748,
  "nitrile_rich_rigidity": 0.07294798872357337,
  "sulfone_diamine_rigidity": 0.0016136307182918741,
  "high_functionality_crosslink_density": 0.01309230580639233,
  "flexible_ether_penalty": 0.022499955721632107,
  "peg_like_penalty": 0.0028015651999722347,
  "long_aliphatic_penalty": 0.02631054885240957,
  "peptide_like_out_of_domain": 0.01309230580639233,
  "too_flexible_penalty": 0.2567794736800789,
  "heavy_halogen_practical_risk": 0.01309230580639233,
  "stereochemical_complexity_penalty": 0.09095441026579414,
  "druglike_hetero_complexity_penalty": 0.01309230580639233,
  "formal_charge_practical_penalty": 0.01309230580639233,
  "reaction_839cd29ef5d7": 0.07386638939931413,
  "reaction_5cde50869441": 0.003607809899787081,
  "reaction_8122f963caab": 0.003607809899787081,
  "reaction_b793ac896a4f": 0.003607809899787081,
  "reaction_cc7f1a60f1af": 0.017802759448766362,
  "reaction_2f387d801461": 0.02627340459853939,
  "reaction_7deb10577c5e": 0.003607809899787081,
  "reaction_e3ab71c1126b": 0.003607809899787081,
  "reaction_1d41d1c7896e": 0.01309230580639233,
  "reaction_aaba7fbe7783": 0.003607809899787081,
  "reaction_bc75cf8f07d2": 0.01309230580639233,
  "reaction_a5dd26ae10ad": 0.003607809899787081,
  "reaction_a67f85420c33": 0.003607809899787081,
  "reaction_1ef23bb55506": 0.003607809899787081,
  "reaction_michael_thiol_ene": 0.01309230580639233,
  "reaction_bd312644298f": 0.01309230580639233,
  "reaction_461e81fa276b": 0.01309230580639233,
  "reaction_ee82a65db02c": 0.0036076590586300345,
  "reaction_2ee4496097cb": 0.003607809899787081,
  "reaction_536dfe22d324": 0.07295211345476575,
  "reaction_michael": 0.013048667762642158,
  "reaction_aab22a9380a2": 0.013048667762642158
}