{
  "MAPEK training dataset (%)": 13.766677980356956,
  "MAPEK test dataset (%)": 15.220211154825385,
  "MAE training dataset (C)": 51.57907312041835,
  "MAE test dataset (C)": 60.43924613822909,
  "RMSE training dataset (C)": 62.83833726902575,
  "RMSE test dataset (C)": 71.86173953261358,
  "PCP training dataset (%)": 20.526315789473685,
  "PCP test dataset (%)": 19.11764705882353,
  "R2 training": 0.3997165164370041,
  "R2 test": 0.44208678944793145,
  "ML method": "SmallMoleculeGraphGIN",
  "model_family": "gnn",
  "architecture": "gin",
  "hidden": 64,
  "epochs": 5,
  "batch_size": 32,
  "test_size": 0.15,
  "seed": 42,
  "n_graphs": 448,
  "n_train": 380,
  "n_test": 68,
  "final_train_loss": 4536.531026204427
}