{
  "aromatic_backbones_raise_tg": 0.017025710138469707,
  "multi_aromatic_rigidity": 0.017025710138469707,
  "imide_anhydride_networks_raise_tg": 0.05931710778227398,
  "cyanate_ester_triazine": 0.07303992546624624,
  "maleimide_rigid_network": 0.0597501430596187,
  "nitrile_rich_rigidity": 0.07303992546624624,
  "sulfone_diamine_rigidity": 0.07782401923754066,
  "high_functionality_crosslink_density": 0.017025710138469707,
  "flexible_ether_penalty": 0.040503109663670926,
  "peg_like_penalty": 0.04037309810219239,
  "long_aliphatic_penalty": 0.051360732786026556,
  "peptide_like_out_of_domain": 0.017025710138469707,
  "too_flexible_penalty": 0.003851466759480312,
  "heavy_halogen_practical_risk": 0.004566197337220964,
  "stereochemical_complexity_penalty": 0.06157073358886075,
  "druglike_hetero_complexity_penalty": 0.003302515402957588,
  "formal_charge_practical_penalty": 0.017025710138469707,
  "reaction_839cd29ef5d7": 0.00674429539999093,
  "reaction_5cde50869441": 0.039770106150667624,
  "reaction_8122f963caab": 0.0015103527984299341,
  "reaction_b793ac896a4f": 0.001990987072064875,
  "reaction_cc7f1a60f1af": 0.039139074537244224,
  "reaction_2f387d801461": 0.004178526454836391,
  "reaction_7deb10577c5e": 0.0015103527984299341,
  "reaction_e3ab71c1126b": 0.0015103527984299341,
  "reaction_1d41d1c7896e": 0.017025710138469707,
  "reaction_aaba7fbe7783": 0.0018924049925528818,
  "reaction_bc75cf8f07d2": 0.017025710138469707,
  "reaction_a5dd26ae10ad": 0.04336758262246309,
  "reaction_a67f85420c33": 0.0015103527984299341,
  "reaction_1ef23bb55506": 0.0015103527984299341,
  "reaction_michael_thiol_ene": 0.017025710138469707,
  "reaction_bd312644298f": 0.017025710138469707,
  "reaction_461e81fa276b": 0.017025710138469707,
  "reaction_ee82a65db02c": 0.0015103527984299341,
  "reaction_2ee4496097cb": 0.0020932782611873756,
  "reaction_536dfe22d324": 0.07275813358872951,
  "reaction_michael": 0.01956977339596157,
  "reaction_aab22a9380a2": 0.04067764469668956
}