{
  "aromatic_backbones_raise_tg": 0.035319121325919536,
  "multi_aromatic_rigidity": 0.035319121325919536,
  "imide_anhydride_networks_raise_tg": 0.036741181100324385,
  "cyanate_ester_triazine": 0.039174380540431764,
  "maleimide_rigid_network": 0.03724496124894229,
  "nitrile_rich_rigidity": 0.039174380540431764,
  "sulfone_diamine_rigidity": 0.036741181100324385,
  "high_functionality_crosslink_density": 0.035319121325919536,
  "flexible_ether_penalty": 0.035319121325919536,
  "peg_like_penalty": 0.035319121325919536,
  "long_aliphatic_penalty": 0.039174380540431764,
  "peptide_like_out_of_domain": 0.035319121325919536,
  "too_flexible_penalty": 0.035319121325919536,
  "heavy_halogen_practical_risk": 0.0040176309435642306,
  "stereochemical_complexity_penalty": 0.009245152760466908,
  "druglike_hetero_complexity_penalty": 0.035319121325919536,
  "formal_charge_practical_penalty": 0.035319121325919536,
  "reaction_839cd29ef5d7": 0.010078948752708868,
  "reaction_5cde50869441": 0.010078948752708868,
  "reaction_8122f963caab": 0.010078948752708868,
  "reaction_b793ac896a4f": 0.010078948752708868,
  "reaction_cc7f1a60f1af": 0.010078948752708868,
  "reaction_2f387d801461": 0.010078948752708868,
  "reaction_7deb10577c5e": 0.010078948752708868,
  "reaction_e3ab71c1126b": 0.010078948752708868,
  "reaction_1d41d1c7896e": 0.035319121325919536,
  "reaction_aaba7fbe7783": 0.010078948752708868,
  "reaction_bc75cf8f07d2": 0.035319121325919536,
  "reaction_a5dd26ae10ad": 0.04926951633698192,
  "reaction_a67f85420c33": 0.010078948752708868,
  "reaction_1ef23bb55506": 0.010078948752708868,
  "reaction_michael_thiol_ene": 0.035319121325919536,
  "reaction_bd312644298f": 0.035319121325919536,
  "reaction_461e81fa276b": 0.035319121325919536,
  "reaction_ee82a65db02c": 0.010078645303900671,
  "reaction_2ee4496097cb": 0.010078948752708868,
  "reaction_536dfe22d324": 0.009244675266939131,
  "reaction_michael": 0.037238825707356975,
  "reaction_aab22a9380a2": 0.03724000501452383
}