{
  "aromatic_backbones_raise_tg": 0.03597646392930742,
  "multi_aromatic_rigidity": 0.03597646392930742,
  "imide_anhydride_networks_raise_tg": 0.00863204291759116,
  "cyanate_ester_triazine": 0.0011140119078353937,
  "maleimide_rigid_network": 0.036216884821532694,
  "nitrile_rich_rigidity": 0.0011140119078353937,
  "sulfone_diamine_rigidity": 0.01771636039539905,
  "high_functionality_crosslink_density": 0.03597646392930742,
  "flexible_ether_penalty": 0.03597646392930742,
  "peg_like_penalty": 0.03597646392930742,
  "long_aliphatic_penalty": 0.03597646392930742,
  "peptide_like_out_of_domain": 0.03597646392930742,
  "too_flexible_penalty": 0.03597646392930742,
  "heavy_halogen_practical_risk": 0.036216884821532694,
  "stereochemical_complexity_penalty": 0.035710872108513605,
  "druglike_hetero_complexity_penalty": 0.009064454504449742,
  "formal_charge_practical_penalty": 0.03597646392930742,
  "reaction_839cd29ef5d7": 0.03571003106213706,
  "reaction_5cde50869441": 0.01771701398316805,
  "reaction_8122f963caab": 0.01771701398316805,
  "reaction_b793ac896a4f": 0.01771701398316805,
  "reaction_cc7f1a60f1af": 0.01771701398316805,
  "reaction_2f387d801461": 0.01771701398316805,
  "reaction_7deb10577c5e": 0.01771701398316805,
  "reaction_e3ab71c1126b": 0.009064320723408844,
  "reaction_1d41d1c7896e": 0.03597646392930742,
  "reaction_aaba7fbe7783": 0.01771701398316805,
  "reaction_bc75cf8f07d2": 0.03597646392930742,
  "reaction_a5dd26ae10ad": 0.03733293925768099,
  "reaction_a67f85420c33": 0.01771701398316805,
  "reaction_1ef23bb55506": 0.01771701398316805,
  "reaction_michael_thiol_ene": 0.03597646392930742,
  "reaction_bd312644298f": 0.03597646392930742,
  "reaction_461e81fa276b": 0.03597646392930742,
  "reaction_ee82a65db02c": 0.01771701398316805,
  "reaction_2ee4496097cb": 0.001113859595307698,
  "reaction_536dfe22d324": 0.01771701398316805,
  "reaction_michael": 0.036217838575811595,
  "reaction_aab22a9380a2": 0.036217838575811595
}