{
  "aromatic_backbones_raise_tg": 0.04206661302792825,
  "multi_aromatic_rigidity": 0.04206661302792825,
  "imide_anhydride_networks_raise_tg": 0.014546633803395362,
  "cyanate_ester_triazine": 0.008879703609654776,
  "maleimide_rigid_network": 0.004874738248334431,
  "nitrile_rich_rigidity": 0.008879703609654776,
  "sulfone_diamine_rigidity": 0.04206661302792825,
  "high_functionality_crosslink_density": 0.04206661302792825,
  "flexible_ether_penalty": 0.014779508095679938,
  "peg_like_penalty": 0.04206661302792825,
  "long_aliphatic_penalty": 0.04554698263628412,
  "peptide_like_out_of_domain": 0.04206661302792825,
  "too_flexible_penalty": 0.02854132103564804,
  "heavy_halogen_practical_risk": 0.004522275463449675,
  "stereochemical_complexity_penalty": 0.09229122122779258,
  "druglike_hetero_complexity_penalty": 0.03616706041855817,
  "formal_charge_practical_penalty": 0.04206661302792825,
  "reaction_839cd29ef5d7": 0.046394938076066136,
  "reaction_5cde50869441": 0.005917507423324339,
  "reaction_8122f963caab": 0.015220772678344797,
  "reaction_b793ac896a4f": 0.005917507423324339,
  "reaction_cc7f1a60f1af": 0.005917507423324339,
  "reaction_2f387d801461": 0.005917507423324339,
  "reaction_7deb10577c5e": 0.005917507423324339,
  "reaction_e3ab71c1126b": 0.005917507423324339,
  "reaction_1d41d1c7896e": 0.04206661302792825,
  "reaction_aaba7fbe7783": 0.005917507423324339,
  "reaction_bc75cf8f07d2": 0.04206661302792825,
  "reaction_a5dd26ae10ad": 0.0931223126127724,
  "reaction_a67f85420c33": 0.005917507423324339,
  "reaction_1ef23bb55506": 0.005917507423324339,
  "reaction_michael_thiol_ene": 0.04206661302792825,
  "reaction_bd312644298f": 0.04206661302792825,
  "reaction_461e81fa276b": 0.04206661302792825,
  "reaction_ee82a65db02c": 0.005917192344308156,
  "reaction_2ee4496097cb": 0.005917507423324339,
  "reaction_536dfe22d324": 0.009196526284826131,
  "reaction_michael": 0.0035722720804986017,
  "reaction_aab22a9380a2": 0.003572407206349416
}