{
  "MAPEK training dataset (%)": 26.03887413687509,
  "MAPEK test dataset (%)": 27.0801266363429,
  "MAE training dataset (C)": 112.37369734613519,
  "MAE test dataset (C)": 122.57367684122394,
  "RMSE training dataset (C)": 137.67142715124754,
  "RMSE test dataset (C)": 155.048603498873,
  "PCP training dataset (%)": 0.0,
  "PCP test dataset (%)": 0.0,
  "R2 training": -1.8813409622185033,
  "R2 test": -1.597209072512483,
  "ML method": "SmallMoleculeGraphGCN",
  "model_family": "gnn",
  "architecture": "gcn",
  "hidden": 64,
  "epochs": 5,
  "batch_size": 32,
  "test_size": 0.15,
  "seed": 42,
  "n_graphs": 448,
  "n_train": 380,
  "n_test": 68,
  "final_train_loss": 19578.381673177082
}