{
  "feature_mean": [
    0.5,
    0.7183631062507629,
    0.2816371023654938,
    0.21836283802986145,
    0.7858298420906067,
    0.23221242427825928,
    0.5418314337730408,
    0.21314315497875214,
    0.31608444452285767,
    0.24721242487430573,
    0.21371689438819885,
    0.4055311381816864,
    0.03163716569542885,
    0.0991150438785553,
    0.05110619589686394,
    0.0911504477262497,
    0.04800885543227196,
    0.010619468986988068,
    0.12809735536575317,
    0.6455751061439514,
    0.0,
    0.08584071695804596,
    0.00575221236795187,
    0.07986723631620407,
    0.07986723631620407,
    0.04446902498602867,
    0.04446902498602867,
    0.8754424452781677,
    1.0,
    1.0,
    1.0
  ],
  "feature_std": [
    1.0,
    0.13747550547122955,
    0.13747553527355194,
    0.13747553527355194,
    0.2095274180173874,
    0.05901876464486122,
    0.18706806004047394,
    0.06239917501807213,
    0.11143890768289566,
    0.12056846916675568,
    0.2682497799396515,
    0.3255056142807007,
    0.14237692952156067,
    0.24445012211799622,
    0.14208030700683594,
    0.2157750129699707,
    0.1601521223783493,
    0.07741718739271164,
    0.24906085431575775,
    0.37810975313186646,
    1.0,
    0.23747116327285767,
    0.060875654220581055,
    0.22971609234809875,
    0.22971609234809875,
    0.162401482462883,
    0.162401482462883,
    0.21856513619422913,
    1.0,
    1.0,
    1.0
  ],
  "target_mean": 205.30973451327435,
  "target_std": 21.578045072087892
}