{
  "feature_mean": [
    0.5,
    0.7122402787208557,
    0.28776034712791443,
    0.21223951876163483,
    0.801323413848877,
    0.22918236255645752,
    0.5345941185951233,
    0.2095007449388504,
    0.3041670620441437,
    0.25436198711395264,
    0.22812508046627045,
    0.4268230199813843,
    0.03203124925494194,
    0.04739582911133766,
    0.05781250074505806,
    0.07994792610406876,
    0.0299479141831398,
    0.012500000186264515,
    0.07734375447034836,
    0.6151041388511658,
    0.0,
    0.09296875447034836,
    0.006770832929760218,
    0.09401039034128189,
    0.09401039034128189,
    0.04921874776482582,
    0.04921874776482582,
    0.8606770038604736,
    1.0,
    1.0,
    1.0
  ],
  "feature_std": [
    1.0,
    0.13157175481319427,
    0.13157175481319427,
    0.13157173991203308,
    0.19328397512435913,
    0.0603913888335228,
    0.19517339766025543,
    0.06382296979427338,
    0.10773029923439026,
    0.12416472285985947,
    0.27813664078712463,
    0.31626367568969727,
    0.14631769061088562,
    0.15850375592708588,
    0.14979639649391174,
    0.20006883144378662,
    0.11990245431661606,
    0.08385246247053146,
    0.16815394163131714,
    0.37904906272888184,
    1.0,
    0.2474137395620346,
    0.06599387526512146,
    0.24654507637023926,
    0.24654507637023926,
    0.17316582798957825,
    0.17316582798957825,
    0.22662174701690674,
    1.0,
    1.0,
    1.0
  ],
  "target_mean": 197.39583333333334,
  "target_std": 11.478675125592192
}