{
  "feature_mean": [
    0.5,
    0.7141132354736328,
    0.2858871519565582,
    0.2141127735376358,
    0.7977741956710815,
    0.23326613008975983,
    0.5293051600456238,
    0.20534496009349823,
    0.30866941809654236,
    0.26667338609695435,
    0.24879033863544464,
    0.44274184107780457,
    0.016129031777381897,
    0.05282257869839668,
    0.05927418917417526,
    0.06532259285449982,
    0.02056451328098774,
    0.01411290280520916,
    0.08346773684024811,
    0.635887086391449,
    0.0,
    0.0971774160861969,
    0.005241935141384602,
    0.08911288529634476,
    0.08911288529634476,
    0.04274193197488785,
    0.04274193197488785,
    0.8596771955490112,
    1.0,
    1.0,
    1.0
  ],
  "feature_std": [
    1.0,
    0.1323729157447815,
    0.1323729306459427,
    0.13237296044826508,
    0.19595476984977722,
    0.062295325100421906,
    0.19917424023151398,
    0.06374090909957886,
    0.10828783363103867,
    0.12825235724449158,
    0.28655797243118286,
    0.307283490896225,
    0.1009129211306572,
    0.1750923991203308,
    0.1521839052438736,
    0.1832917034626007,
    0.10682608187198639,
    0.08673302829265594,
    0.1830214560031891,
    0.37344077229499817,
    1.0,
    0.25370651483535767,
    0.05813587084412575,
    0.2415142059326172,
    0.2415142059326172,
    0.16481810808181763,
    0.16481810808181763,
    0.2278650850057602,
    1.0,
    1.0,
    1.0
  ],
  "target_mean": 196.69354838709677,
  "target_std": 9.977537206108108
}