{
  "strategy_vocab": [
    "functional_group_replacement",
    "llm_rag_principle_generation",
    "rule_template",
    "vae_latent_local_search"
  ],
  "condition_mean": [
    205.3097381591797,
    5.0,
    1.9750467538833618,
    0.7074521780014038,
    0.2667609751224518,
    0.20531019568443298,
    0.061624106019735336,
    0.3539822995662689,
    0.017699114978313446,
    0.18584071099758148,
    0.44247788190841675
  ],
  "condition_std": [
    21.578041076660156,
    1.0,
    1.5945048332214355,
    0.2133263647556305,
    0.06700807064771652,
    0.036044929176568985,
    0.059016674757003784,
    0.4782041907310486,
    0.1318555325269699,
    0.3889783024787903,
    0.4966796934604645
  ],
  "output_mean": [
    0.5,
    0.7183631062507629,
    0.2816371023654938,
    0.21836283802986145,
    0.7858298420906067,
    0.23221242427825928,
    0.5418314337730408,
    0.21314315497875214,
    0.31608444452285767,
    0.24721242487430573,
    0.21371689438819885,
    0.4055311381816864,
    0.03163716569542885,
    0.0991150438785553,
    0.05110619589686394,
    0.0911504477262497,
    0.04800885543227196,
    0.010619468986988068,
    0.12809735536575317,
    0.6455751061439514,
    0.0,
    0.08584071695804596,
    0.00575221236795187,
    0.07986723631620407,
    0.07986723631620407,
    0.04446902498602867,
    0.04446902498602867,
    0.8754424452781677,
    1.0,
    1.0,
    1.0,
    205.27801513671875,
    58.98357009887695,
    2.362046957015991,
    1.9750467538833618,
    0.7074521780014038,
    0.3539822995662689,
    0.017699114978313446,
    0.18584071099758148,
    0.44247788190841675
  ],
  "output_std": [
    1.0,
    0.13747550547122955,
    0.13747553527355194,
    0.13747553527355194,
    0.2095274180173874,
    0.05901876464486122,
    0.18706806004047394,
    0.06239917501807213,
    0.11143890768289566,
    0.12056846916675568,
    0.2682497799396515,
    0.3255056142807007,
    0.14237692952156067,
    0.24445012211799622,
    0.14208030700683594,
    0.2157750129699707,
    0.1601521223783493,
    0.07741718739271164,
    0.24906085431575775,
    0.37810975313186646,
    1.0,
    0.23747116327285767,
    0.060875654220581055,
    0.22971609234809875,
    0.22971609234809875,
    0.162401482462883,
    0.162401482462883,
    0.21856513619422913,
    1.0,
    1.0,
    1.0,
    21.692968368530273,
    38.74808883666992,
    1.6966403722763062,
    1.5945048332214355,
    0.2133263647556305,
    0.4782041907310486,
    0.1318555325269699,
    0.3889783024787903,
    0.4966796934604645
  ]
}