{
  "strategy_vocab": [
    "functional_group_replacement",
    "llm_rag_principle_generation",
    "rule_template",
    "vae_latent_local_search"
  ],
  "condition_mean": [
    197.3958282470703,
    5.0,
    1.8790165185928345,
    0.7210143208503723,
    0.2676924765110016,
    0.2062504142522812,
    0.06315121054649353,
    0.2395833283662796,
    0.02083333395421505,
    0.21875,
    0.5208333134651184
  ],
  "condition_std": [
    11.478678703308105,
    1.0,
    1.5966242551803589,
    0.21539266407489777,
    0.07265985757112503,
    0.03903127461671829,
    0.06390804797410965,
    0.4268290102481842,
    0.1428258866071701,
    0.4133986532688141,
    0.4995652735233307
  ],
  "output_mean": [
    0.5,
    0.7122402787208557,
    0.28776034712791443,
    0.21223951876163483,
    0.801323413848877,
    0.22918236255645752,
    0.5345941185951233,
    0.2095007449388504,
    0.3041670620441437,
    0.25436198711395264,
    0.22812508046627045,
    0.4268230199813843,
    0.03203124925494194,
    0.04739582911133766,
    0.05781250074505806,
    0.07994792610406876,
    0.0299479141831398,
    0.012500000186264515,
    0.07734375447034836,
    0.6151041388511658,
    0.0,
    0.09296875447034836,
    0.006770832929760218,
    0.09401039034128189,
    0.09401039034128189,
    0.04921874776482582,
    0.04921874776482582,
    0.8606770038604736,
    1.0,
    1.0,
    1.0,
    197.3335723876953,
    55.7863655090332,
    2.317754030227661,
    1.8790165185928345,
    0.7210143208503723,
    0.2395833283662796,
    0.02083333395421505,
    0.21875,
    0.5208333134651184
  ],
  "output_std": [
    1.0,
    0.13157175481319427,
    0.13157175481319427,
    0.13157173991203308,
    0.19328397512435913,
    0.0603913888335228,
    0.19517339766025543,
    0.06382296979427338,
    0.10773029923439026,
    0.12416472285985947,
    0.27813664078712463,
    0.31626367568969727,
    0.14631769061088562,
    0.15850375592708588,
    0.14979639649391174,
    0.20006883144378662,
    0.11990245431661606,
    0.08385246247053146,
    0.16815394163131714,
    0.37904906272888184,
    1.0,
    0.2474137395620346,
    0.06599387526512146,
    0.24654507637023926,
    0.24654507637023926,
    0.17316582798957825,
    0.17316582798957825,
    0.22662174701690674,
    1.0,
    1.0,
    1.0,
    11.527918815612793,
    40.55223083496094,
    1.8123149871826172,
    1.5966242551803589,
    0.21539266407489777,
    0.4268290102481842,
    0.1428258866071701,
    0.4133986532688141,
    0.4995652735233307
  ]
}