{
  "strategy_vocab": [
    "functional_group_replacement",
    "llm_rag_principle_generation",
    "rule_template",
    "vae_latent_local_search"
  ],
  "condition_mean": [
    196.69354248046875,
    5.0,
    1.4780421257019043,
    0.7769617438316345,
    0.2727339565753937,
    0.20967765152454376,
    0.06871775537729263,
    0.3709677457809448,
    0.032258063554763794,
    0.33870968222618103,
    0.25806450843811035
  ],
  "condition_std": [
    9.9775390625,
    1.0,
    1.5306918621063232,
    0.2114124298095703,
    0.09001598507165909,
    0.04822559654712677,
    0.07897142320871353,
    0.48306378722190857,
    0.1766849011182785,
    0.47327154874801636,
    0.43756961822509766
  ],
  "output_mean": [
    0.5,
    0.7141132354736328,
    0.2858871519565582,
    0.2141127735376358,
    0.7977741956710815,
    0.23326613008975983,
    0.5293051600456238,
    0.20534496009349823,
    0.30866941809654236,
    0.26667338609695435,
    0.24879033863544464,
    0.44274184107780457,
    0.016129031777381897,
    0.05282257869839668,
    0.05927418917417526,
    0.06532259285449982,
    0.02056451328098774,
    0.01411290280520916,
    0.08346773684024811,
    0.635887086391449,
    0.0,
    0.0971774160861969,
    0.005241935141384602,
    0.08911288529634476,
    0.08911288529634476,
    0.04274193197488785,
    0.04274193197488785,
    0.8596771955490112,
    1.0,
    1.0,
    1.0,
    196.62989807128906,
    45.77397155761719,
    1.9064812660217285,
    1.4780421257019043,
    0.7769617438316345,
    0.3709677457809448,
    0.032258063554763794,
    0.33870968222618103,
    0.25806450843811035
  ],
  "output_std": [
    1.0,
    0.1323729157447815,
    0.1323729306459427,
    0.13237296044826508,
    0.19595476984977722,
    0.062295325100421906,
    0.19917424023151398,
    0.06374090909957886,
    0.10828783363103867,
    0.12825235724449158,
    0.28655797243118286,
    0.307283490896225,
    0.1009129211306572,
    0.1750923991203308,
    0.1521839052438736,
    0.1832917034626007,
    0.10682608187198639,
    0.08673302829265594,
    0.1830214560031891,
    0.37344077229499817,
    1.0,
    0.25370651483535767,
    0.05813587084412575,
    0.2415142059326172,
    0.2415142059326172,
    0.16481810808181763,
    0.16481810808181763,
    0.2278650850057602,
    1.0,
    1.0,
    1.0,
    10.189920425415039,
    42.03179931640625,
    1.842953085899353,
    1.5306918621063232,
    0.2114124298095703,
    0.48306378722190857,
    0.1766849011182785,
    0.47327154874801636,
    0.43756961822509766
  ]
}