{
  "aromatic_backbones_raise_tg": 0.017214621907620756,
  "multi_aromatic_rigidity": 0.017214621907620756,
  "imide_anhydride_networks_raise_tg": 0.017198067196590134,
  "cyanate_ester_triazine": 0.017214621907620756,
  "maleimide_rigid_network": 0.01717671246980151,
  "nitrile_rich_rigidity": 0.017214621907620756,
  "sulfone_diamine_rigidity": 0.017198067196590134,
  "high_functionality_crosslink_density": 0.017214621907620756,
  "flexible_ether_penalty": 0.017214621907620756,
  "peg_like_penalty": 0.017214621907620756,
  "long_aliphatic_penalty": 0.017214621907620756,
  "peptide_like_out_of_domain": 0.017214621907620756,
  "too_flexible_penalty": 0.017214621907620756,
  "heavy_halogen_practical_risk": 0.017214621907620756,
  "stereochemical_complexity_penalty": 0.00555298269340495,
  "druglike_hetero_complexity_penalty": 0.017214621907620756,
  "formal_charge_practical_penalty": 0.017214621907620756,
  "reaction_839cd29ef5d7": 0.04153129494596127,
  "reaction_5cde50869441": 0.01717671246980151,
  "reaction_8122f963caab": 0.04153129494596127,
  "reaction_b793ac896a4f": 0.04153129494596127,
  "reaction_cc7f1a60f1af": 0.04153129494596127,
  "reaction_2f387d801461": 0.04153129494596127,
  "reaction_7deb10577c5e": 0.04153129494596127,
  "reaction_e3ab71c1126b": 0.04153129494596127,
  "reaction_1d41d1c7896e": 0.017214621907620756,
  "reaction_aaba7fbe7783": 0.04153129494596127,
  "reaction_bc75cf8f07d2": 0.017214621907620756,
  "reaction_a5dd26ae10ad": 0.04153129494596127,
  "reaction_a67f85420c33": 0.04153129494596127,
  "reaction_1ef23bb55506": 0.04153129494596127,
  "reaction_michael_thiol_ene": 0.017214621907620756,
  "reaction_bd312644298f": 0.017214621907620756,
  "reaction_461e81fa276b": 0.017214621907620756,
  "reaction_ee82a65db02c": 0.04153129494596127,
  "reaction_2ee4496097cb": 0.04153129494596127,
  "reaction_536dfe22d324": 0.04153129494596127,
  "reaction_michael": 0.017198067196590134,
  "reaction_aab22a9380a2": 0.017198067196590134
}