{"r2_train": -2.144772, "r2_test": -1.813750}